<?xml version="1.0" encoding="utf-8"?>
<annotations>
  <version>1.1</version>
  <meta>
    <task>
      <id>21</id>
      <name>Task003</name>
      <size>5</size>
      <mode>annotation</mode>
      <overlap>0</overlap>
      <bugtracker></bugtracker>
      <created>2022-04-21 06:23:35.934139+00:00</created>
      <updated>2022-04-21 06:23:36.655829+00:00</updated>
      <subset>default</subset>
      <start_frame>0</start_frame>
      <stop_frame>4</stop_frame>
      <frame_filter></frame_filter>
      <segments>
        <segment>
          <id>31</id>
          <start>0</start>
          <stop>4</stop>
          <url>http13.76.103.59:8080/?id=31</url>
        </segment>
      </segments>
      <owner>
        <username>superadmin</username>
        <email>danil@nodeflux.io</email>
      </owner>
      <assignee></assignee>
      <labels>
        <label>
          <name>Cat</name>
          <color>#6080c0</color>
          <attributes>
          </attributes>
        </label>
        <label>
          <name>Dog</name>
          <color>#406040</color>
          <attributes>
          </attributes>
        </label>
      </labels>
    </task>
    <dumped>2022-04-21 06:24:36.128798+00:00</dumped>
  </meta>
</annotations>
